Date,Portfolio_Value
2021-01-04,100000.0
2021-01-05,99976.52755597417
2021-01-06,99516.9900254547
2021-01-07,99658.15640457087
2021-01-08,99645.26124992318
2021-01-11,99108.57443628176
2021-01-12,99226.1900293455
2021-01-13,99667.61163745412
2021-01-14,99570.27421782803
2021-01-15,100109.07489637812
2021-01-19,100353.28878884748
2021-01-20,100529.41258632617
2021-01-21,100723.27697153928
2021-01-22,101008.55845820442
2021-01-25,100955.70531167054
2021-01-26,101136.28424442686
2021-01-27,101571.49816893488
2021-01-28,101732.03432328493
2021-01-29,101680.60156278915
2021-02-01,101576.88355652477
2021-02-02,101571.06847813715
2021-02-03,101505.62674663396
2021-02-04,101500.31661976823
2021-02-05,101546.53826153438
2021-02-08,101475.21110388551
2021-02-09,101339.3359876026
2021-02-10,101387.28666372974
2021-02-11,101665.87113999118
2021-02-12,101429.18863716876
2021-02-16,101934.9966029721
2021-02-17,102358.07714720203
2021-02-18,102186.21995884756
2021-02-19,102770.40578859817
2021-02-22,102949.00325639042
2021-02-23,102581.30528792154
2021-02-24,102492.1401119648
2021-02-25,102855.12659006903
2021-02-26,103103.32905566123
2021-03-01,102998.15894679575
2021-03-02,103091.15420555844
2021-03-03,102798.32092381713
2021-03-04,102980.59123584506
2021-03-05,102454.73018106379
2021-03-08,102229.28935284894
2021-03-09,102674.92910291543
2021-03-10,102448.25466713845
2021-03-11,102170.24707895584
2021-03-12,102424.98588491163
2021-03-15,102479.42598865974
2021-03-16,102851.64926298767
2021-03-17,102985.36149077993
2021-03-18,103526.05924622077
2021-03-19,103494.47728495658
2021-03-22,103597.88845492675
2021-03-23,103630.9536937527
2021-03-24,103533.88611432709
2021-03-25,103352.31731506805
2021-03-26,103279.77319689191
2021-03-29,103480.27838689504
2021-03-30,103324.44155020504
2021-03-31,103360.32169775268
2021-04-01,103397.61097203626
2021-04-05,103322.70832678695
2021-04-06,103393.73406506644
2021-04-07,103082.5711639328
2021-04-08,103144.02361450279
2021-04-09,103160.31104538527
2021-04-12,103263.40498264576
2021-04-13,103213.8188941611
2021-04-14,103232.86099224824
2021-04-15,103340.86904003509
2021-04-16,103640.43767445373
2021-04-19,103724.70134797657
2021-04-20,103601.48354396358
2021-04-21,103584.72633072524
2021-04-22,103488.1395164226
2021-04-23,103707.72103445107
2021-04-26,103801.70134981301
2021-04-27,103619.30569129951
2021-04-28,103627.66362320054
2021-04-29,103498.88987569258
2021-04-30,103679.92270161299
2021-05-03,103580.19783925348
2021-05-04,103391.10771021519
2021-05-05,103665.5671145144
2021-05-06,103314.9329109678
2021-05-07,103156.88957827
2021-05-10,102960.85056836177
2021-05-11,103162.5336715332
2021-05-12,103655.07000546501
2021-05-13,103660.6331947133
2021-05-14,103824.58119518225
2021-05-17,103887.9123564803
2021-05-18,103917.51448552372
2021-05-19,103896.84532301931
2021-05-20,103802.33864501049
2021-05-21,103827.5548776771
2021-05-24,103819.50495827288
2021-05-25,103890.36317772555
2021-05-26,103884.56126554823
2021-05-27,104112.69100191095
2021-05-28,103802.84670023483
2021-06-01,103851.29586583073
2021-06-02,103834.08605094018
2021-06-03,103848.17474675667
2021-06-04,103838.13845838483
2021-06-07,103703.50166051975
2021-06-08,103453.93412635819
2021-06-09,103531.47718078032
2021-06-10,103807.60111629963
2021-06-11,103907.73610741393
2021-06-14,103838.11000619558
2021-06-15,104119.91950566095
2021-06-16,104471.18699340773
2021-06-17,104325.37375458347
2021-06-18,104500.3163690926
2021-06-21,104331.87793205322
2021-06-22,104494.41647517103
2021-06-23,104657.02314523041
2021-06-24,104819.18161265407
2021-06-25,104957.25326373796
2021-06-28,104896.18295306354
2021-06-29,104896.18295306354
2021-06-30,104896.18295306354
2021-07-01,104896.18295306354
2021-07-02,104896.18295306354
2021-07-06,104872.71050903772
2021-07-07,104773.16684965616
2021-07-08,104776.62467094309
2021-07-09,104992.32439192843
2021-07-12,105163.53366347197
2021-07-13,104876.66406295409
2021-07-14,104756.77035679805
2021-07-15,104785.29944237668
2021-07-16,104742.69106828826
2021-07-19,104965.53183806871
2021-07-20,104719.8570280517
2021-07-21,104915.8488772944
2021-07-22,105060.27581253118
2021-07-23,104932.12992753196
2021-07-26,105110.26254170001
2021-07-27,104941.21462574022
2021-07-28,105196.47413309701
2021-07-29,105017.00286730396
2021-07-30,104832.89087736823
2021-08-02,104715.01834972212
2021-08-03,104728.15715952637
2021-08-04,105036.18258528793
2021-08-05,104445.85332711667
2021-08-06,104708.51242323665
2021-08-09,104674.36887951625
2021-08-10,104749.74460505538
2021-08-11,104837.46515510026
2021-08-12,104961.19569377472
2021-08-13,104905.41984680264
2021-08-16,105060.79384674171
2021-08-17,105126.59395727074
2021-08-18,105198.54594368608
2021-08-19,105157.06206713847
2021-08-20,105082.32654157096
2021-08-23,105094.9336657462
2021-08-24,105170.40354934169
2021-08-25,105042.54486688944
2021-08-26,105085.83621539023
2021-08-27,104940.82272178914
2021-08-30,104697.12881461966
2021-08-31,104710.61455338831
2021-09-01,104573.79609961483
2021-09-02,104566.2160765046
2021-09-03,104515.82152516491
2021-09-07,104671.98841328693
2021-09-08,104586.43967828217
2021-09-09,105044.41718512704
2021-09-10,105252.97942592809
2021-09-13,104954.49286442187
2021-09-14,104915.53022295669
2021-09-15,104798.59246074747
2021-09-16,104796.32040255147
2021-09-17,104974.22025416036
2021-09-20,105289.4246511133
2021-09-21,105341.00723802226
2021-09-22,105211.0879076949
2021-09-23,105246.31549156421
2021-09-24,105180.04031508129
2021-09-27,105217.73110734178
2021-09-28,105198.87071074535
2021-09-29,105238.14455695091
2021-09-30,105092.92610584993
2021-10-01,105117.75326269343
2021-10-04,105081.50940412498
2021-10-05,105125.35766376746
2021-10-06,105103.15041341922
2021-10-07,104950.48804403153
2021-10-08,104900.37895371999
2021-10-11,104935.03417855322
2021-10-12,104839.72524206473
2021-10-13,104742.82202639752
2021-10-14,104704.95929396855
2021-10-15,104692.05258697835
2021-10-18,104476.40461998704
2021-10-19,104612.9967113593
2021-10-20,104294.15888729114
2021-10-21,104201.91126789589
2021-10-22,104223.73299842142
2021-10-25,104203.68456497803
2021-10-26,103928.26950679914
2021-10-27,103484.63630688551
2021-10-28,103249.81182141804
2021-10-29,103682.75222718566
2021-11-01,103560.13215080315
2021-11-02,103113.29004147802
2021-11-03,102370.38071365468
2021-11-04,102891.57145279547
2021-11-05,102949.36713093016
2021-11-08,103603.94885501404
2021-11-09,103910.25817916566
2021-11-10,103707.35323664165
2021-11-11,103470.09723826643
2021-11-12,103320.98759097891
2021-11-15,103033.55828827745
2021-11-16,103156.50745073131
2021-11-17,103015.74286941245
2021-11-18,102918.89996001737
2021-11-19,103037.32727686231
2021-11-22,102916.09497290857
2021-11-23,102635.00855677921
2021-11-24,102270.22250291334
2021-11-26,102772.3684809806
2021-11-29,102484.53342656193
2021-11-30,102763.63923984976
2021-12-01,102372.31622320805
2021-12-02,101759.46014103312
2021-12-03,101801.70579857028
2021-12-06,101708.51925963574
2021-12-07,101286.56092790996
2021-12-08,101624.11497822664
2021-12-09,101986.74210727445
2021-12-10,101859.49322561869
2021-12-13,101498.9747264863
2021-12-14,101706.51072284198
2021-12-15,101409.42562381417
2021-12-16,101323.86185716135
2021-12-17,101579.58188568511
2021-12-20,101821.69900466142
2021-12-21,101832.46941049607
2021-12-22,101715.7422827019
2021-12-23,101913.00591617536
2021-12-27,101417.53628336276
2021-12-28,101427.55405473868
2021-12-29,101286.40143151714
2021-12-30,101118.11082097061
2021-12-31,100996.17337297631
