Pair,Ticker1,Ticker2,Entry_Date,Exit_Date,Signal,Hedge_Ratio,Quantity1,Quantity2,Entry_Price1,Entry_Price2,Exit_Price1,Exit_Price2,Entry_Price,Exit_Price,Entry_Gross_Notional,Exit_Gross_Notional,Gross_PnL,Entry_Cost,Exit_Cost,Borrow_Cost,Costs,Net_PnL,PnL,Trade_Return,Bars_Held,Exit_Reason,Portfolio_Weight
EVRG-WELL,EVRG,WELL,2025-10-03,2025-10-07,-1,0.2958383042622412,-159.90969763299023,47.30741378283156,74.03836822509766,172.50038146972656,75.07231140136719,170.48997497558594,23.00614788650401,24.634846310877904,20000.0,20070.230408796953,-260.4446725769565,20.0,20.070230408796956,2.600449002501584,42.67067941129854,-303.11535198825504,-303.11535198825504,-0.015155767599412753,2,stop_zscore,0.2
EVRG-WELL,EVRG,WELL,2025-10-10,2025-10-13,-1,0.2958383042622412,-162.2864616297092,48.010551613252446,74.8597183227539,163.53240966796875,74.87904357910156,164.42921447753906,26.480567554663885,26.23458359689404,20000.0,20046.192321069633,39.91986612414031,20.0,20.046192321069633,1.9956827606072183,42.04187508167685,-2.1220089575365364,-2.1220089575365364,-0.00010610044787682683,1,stop_zscore,0.2
ITW-NXPI,ITW,NXPI,2025-10-09,2025-10-22,1,0.433369084127844,59.45442030344637,-25.765707674256443,242.1010284423828,217.57693481445312,246.65463256835938,213.39088439941406,147.80991147449964,154.1776204349547,20000.0,20162.875342297724,378.5884449049144,20.0,20.162875342297724,3.8682241499625656,44.031099492260296,334.5573454126541,334.5573454126541,0.016727867270632704,9,mean_reversion,0.2
EVRG-WELL,EVRG,WELL,2025-10-14,2025-10-28,-1,0.2958383042622412,-160.2188857114828,47.39888345967091,75.45882415771484,166.88307189941406,75.0626449584961,177.0927734375,26.088419156918505,22.67181916764882,20000.0,20420.453063520865,547.4038432026539,20.0,20.420453063520867,9.272357680060813,49.692810743581674,497.71103245907216,497.71103245907216,0.024885551622953608,10,mean_reversion,0.2
MCO-SPGI,MCO,SPGI,2025-09-26,2025-11-05,-1,1.0345439207851947,-21.158040855918173,21.888922543214925,472.6404113769531,456.845458984375,482.27685546875,466.14776611328125,0.013719046345954666,0.026517848656055776,20000.0,20407.505758017836,-0.27079758218462757,20.0,20.407505758017834,22.123276624128327,62.530782382146164,-62.80157996433079,-62.80157996433079,-0.0031400789982165395,28,mean_reversion,0.2
ITW-NXPI,ITW,NXPI,2025-10-27,2025-11-12,1,0.433369084127844,59.52669150799084,-25.7970277799787,241.63299560546875,217.71450805664062,239.3123016357422,200.5378875732422,147.28225864761828,152.40538096519367,20000.0,19418.75101020325,304.96252175601296,20.0,19.418751010203252,4.617129857739292,44.035880867942545,260.92664088807044,260.92664088807044,0.013046332044403523,12,mean_reversion,0.2
ITW-NXPI,ITW,NXPI,2025-12-09,2025-12-12,1,0.433369084127844,59.242248095970936,-25.673758799025435,240.482421875,224.0918731689453,251.5885009765625,225.20127868652344,143.3679320392812,153.9932290877645,20000.0,20686.43170317685,629.4664838396349,20.0,20.68643170317685,0.9569446019703984,41.64337630514726,587.8231075344876,587.8231075344876,0.029391155376724376,3,mean_reversion,0.2
EVRG-WELL,EVRG,WELL,2025-11-10,2026-01-07,1,0.2958383042622412,153.95233344929872,-45.54499726485565,73.99004364013672,189.02317810058594,70.7159194946289,183.67083740234375,18.06974716459976,16.3790504150937,20000.0,19252.168605334366,-260.2867097416029,20.0,19.252168605334365,27.752529881967213,67.00469848730158,-327.2914082289045,-327.2914082289045,-0.016364570411445224,39,mean_reversion,0.2
ITW-NXPI,ITW,NXPI,2026-01-08,2026-01-14,1,0.433369084127844,57.0188852490771,-24.710222078383175,249.0037078857422,234.8050994873047,254.06761169433594,237.687255859375,147.24643697238167,151.0613033136981,20000.000000000004,20359.956874193056,217.51942615608692,20.000000000000004,20.35995687419306,1.921481128778108,42.28143800297117,175.23798815311577,175.23798815311577,0.008761899407655786,4,mean_reversion,0.2
MCO-SPGI,MCO,SPGI,2026-02-04,2026-02-09,-1,1.0345439207851947,-21.962491359879902,22.721161921661118,458.1515808105469,437.38299560546875,446.48944091796875,417.3511962890625,5.659661652091643,14.72129796469062,20000.0,19288.724597521257,-199.01610922182908,20.0,19.28872459752126,2.719422075440636,42.00814667296189,-241.024255894791,-241.024255894791,-0.012051212794739549,3,stop_zscore,0.2
MCO-SPGI,MCO,SPGI,2026-02-10,2026-02-11,-1,1.0345439207851947,-24.81249669035545,25.669617610509995,416.1817321777344,376.8459777832031,409.4963684082031,367.1495666503906,26.318016789769047,29.664016211122828,20000.0,19585.216267621097,-83.02259956827257,20.0,19.585216267621096,0.5654487530319744,40.150665020653065,-123.17326458892563,-123.17326458892563,-0.006158663229446281,1,stop_zscore,0.2
MCO-SPGI,MCO,SPGI,2026-02-13,2026-02-19,-1,1.0345439207851947,-24.339803975776654,25.18059623624305,423.6121520996094,384.7948303222656,446.3106384277344,391.4939880371094,25.524999640138958,41.29291307999114,20000.0,20721.165493313805,-383.7879222330158,20.0,20.721165493313805,3.415413266250208,44.13657875956402,-427.92450099257985,-427.92450099257985,-0.021396225049628993,3,stop_zscore,0.2
MCO-SPGI,MCO,SPGI,2026-02-23,2026-03-13,-1,1.0345439207851947,-24.164172130752604,24.998897378677132,434.2113952636719,380.3224182128906,428.08172607421875,397.8851013183594,40.751149563201466,16.452113334308763,20000.0,20290.929331249325,587.166094046356,20.0,20.290929331249327,10.976350082332825,51.26727941358215,535.8988146327738,535.8988146327738,0.02679494073163869,14,mean_reversion,0.2
ITW-NXPI,ITW,NXPI,2026-02-10,2026-03-19,-1,0.433369084127844,-51.284293810992,22.22502743901286,288.7689208984375,233.5515594482422,255.76536560058594,189.8556671142578,187.55489548372307,173.4877890267992,20000.0,17336.293567202705,721.4216206073867,20.0,17.336293567202706,29.114819154229362,66.45111272143207,654.9705078859547,654.9705078859547,0.032748525394297734,26,mean_reversion,0.2
EVRG-WELL,EVRG,WELL,2026-03-31,2026-04-14,-1,0.2958383042622412,-144.25994927367816,42.677618766081885,80.566650390625,196.2963104248047,80.566650390625,209.48135375976562,22.494682781616277,18.59404191977727,20000.000000000007,20562.706252863736,562.7062528637318,20.000000000000007,20.562706252863737,9.02798221434708,49.59068846721083,513.115564396521,513.115564396521,0.02565577821982604,9,mean_reversion,0.2
MCO-SPGI,MCO,SPGI,2026-05-27,2026-06-10,-1,1.0345439207851947,-23.37215063473275,24.179516354838597,450.60772705078125,391.5846862792969,449.7395935058594,402.4832458496094,45.49617038795702,33.35299829425304,20000.0,20243.231751391577,283.81204735753244,20.0,20.243231751391576,8.077405207894104,48.32063695928568,235.49141039824673,235.49141039824673,0.011774570519912335,10,mean_reversion,0.2
EVRG-WELL,EVRG,WELL,2026-06-03,2026-06-11,-1,0.2958383042622412,-143.65444153074026,42.49848638219348,80.398681640625,198.83937072753906,82.12427520751953,209.87770080566406,21.57437938401872,20.034412098713858,20000.000000000004,20717.00150066863,221.22314034608004,20.000000000000004,20.71700150066863,5.145195583673081,45.862197084341716,175.36094326173833,175.36094326173833,0.008768047163086915,6,mean_reversion,0.2
ITW-NXPI,ITW,NXPI,2026-05-06,2026-06-17,1,0.433369084127844,51.57281269024459,-22.350062601468146,257.2840881347656,301.1685485839844,258.8543701171875,295.86053466796875,126.76695006681223,130.63756117855564,20000.0,19962.349415237895,199.6183018627226,20.0,19.962349415237895,15.602649015122754,55.564998430360646,144.05330343236196,144.05330343236196,0.0072026651716180995,29,mean_reversion,0.2
MCO-SPGI,MCO,SPGI,2026-06-24,2026-07-02,-1,1.0345439207851947,-23.75970414145563,24.580457479197737,448.84149169921875,379.800048828125,489.4756164550781,438.904541015625,55.92166007016192,35.40959174234712,20000.0,22418.270239290636,487.3606747982018,20.0,22.418270239290635,4.690249037208802,47.108519276499436,440.2521555217023,440.2521555217023,0.022012607776085116,6,mean_reversion,0.2
ITW-NXPI,ITW,NXPI,2026-07-27,2026-09-02,-1,0.433369084127844,-50.19249519663053,21.751875673454983,282.9856872558594,266.4709167480469,267.35699462890625,227.47637939453125,167.50543011805132,168.77576442998028,20000.0,18367.35259193447,-63.761248849608364,20.0,18.36735259193447,29.02792654310863,67.3952791350431,-131.15652798465146,-131.15652798465146,-0.006557826399232573,27,mean_reversion,0.2
MCO-SPGI,MCO,SPGI,2026-08-05,2026-09-02,-1,1.0345439207851947,-22.070107360549283,22.832495400932842,482.9593811035156,409.1114196777344,490.0,431.7099914550781,59.71564895211503,43.377052797920555,20000.0,20671.369001103973,360.59457124372966,20.0,20.671369001103972,16.69893326062045,57.37030226172442,303.22426898200524,303.22426898200524,0.015161213449100262,20,mean_reversion,0.2
EVRG-WELL,EVRG,WELL,2026-07-17,2026-09-17,1,0.2958383042622412,127.73571943241598,-37.789118630603355,84.8812484741211,242.33517456054688,80.83999633789062,232.25999450683594,13.189221369034684,12.12859341503082,20000.0,19103.05557669644,-135.48007475481555,20.0,19.10305557669644,30.531313336286377,69.63436891298282,-205.11444366779835,-205.11444366779835,-0.010255722183389918,43,end_of_data,0.2
